{"cameraMode":{"drawMode":0,"name":"Shaded","section":"Shading Mode"},"sceneLighting":true,"audioPlay":false,"sceneViewState":{"showFog":true,"showMaterialUpdate":false,"showSkybox":true,"showFlares":true,"showImageEffects":true,"showParticleSystems":true},"in2DMode":false,"pivot":{"x":-1.9246960878372193,"y":2.027866840362549,"z":-8.125393867492676},"rotation":{"x":-0.11068633198738098,"y":-0.1502697765827179,"z":0.01693212054669857,"w":-0.9822858572006226},"size":4.0578837394714359,"orthographic":false}