{"cameraMode":{"drawMode":0,"name":"Shaded","section":"Shading Mode"},"sceneLighting":true,"audioPlay":false,"sceneViewState":{"showFog":true,"showMaterialUpdate":false,"showSkybox":true,"showFlares":true,"showImageEffects":true,"showParticleSystems":true},"in2DMode":false,"pivot":{"x":141.20281982421876,"y":226.7904510498047,"z":18.0885009765625},"rotation":{"x":-0.11234059929847717,"y":0.877821147441864,"z":-0.25176531076431277,"w":-0.391694039106369},"size":268.6005554199219,"orthographic":false}